<?xml version="1.0" encoding="UTF-8"?>
<Policy xmlns="urn:oasis:names:tc:xacml:1.0:policy"
        xmlns:xsi="http://www.w3.org/2001/XMLSchema-instance"
        PolicyId="administrator"
        RuleCombiningAlgId="urn:oasis:names:tc:xacml:1.0:rule-combining-algorithm:first-applicable">
  <Description> </Description>
  <Target>
    <Subjects>
      <Subject> 
        <SubjectMatch MatchId="urn:oasis:names:tc:xacml:1.0:function:string-equal">
          <AttributeValue DataType="http://www.w3.org/2001/XMLSchema#string">SmileyAdministrator</AttributeValue>        
          <SubjectAttributeDesignator AttributeId="smileyRole" MustBePresent="false" 
            DataType="http://www.w3.org/2001/XMLSchema#string"/>
        </SubjectMatch>
      </Subject>
    </Subjects>
    <Resources>
      <Resource>
        <ResourceMatch MatchId="urn:oasis:names:tc:xacml:1.0:function:regexp-string-match">
          <AttributeValue DataType="http://www.w3.org/2001/XMLSchema#string">demo:Smiley.*</AttributeValue>        
          <ResourceAttributeDesignator AttributeId="urn:fedora:names:fedora:2.1:resource:object:pid"
            MustBePresent="false" 
            DataType="http://www.w3.org/2001/XMLSchema#string"/>
        </ResourceMatch>
      </Resource>
    </Resources>    
    <Actions>
			<Action>
				<ActionMatch MatchId="urn:oasis:names:tc:xacml:1.0:function:string-equal">
					<AttributeValue DataType="http://www.w3.org/2001/XMLSchema#string">urn:fedora:names:fedora:2.1:action:api-a</AttributeValue>
					<ActionAttributeDesignator DataType="http://www.w3.org/2001/XMLSchema#string" AttributeId="urn:fedora:names:fedora:2.1:action:api"/>
				</ActionMatch>
			</Action>
			<Action>
				<ActionMatch MatchId="urn:oasis:names:tc:xacml:1.0:function:string-equal">
					<AttributeValue DataType="http://www.w3.org/2001/XMLSchema#string">urn:fedora:names:fedora:2.1:action:api-m</AttributeValue>
					<ActionAttributeDesignator DataType="http://www.w3.org/2001/XMLSchema#string" AttributeId="urn:fedora:names:fedora:2.1:action:api"/>
				</ActionMatch>
			</Action>
    </Actions>
  </Target>
  <Rule RuleId="1" Effect="Permit"/>
</Policy>
