<?xml version="1.0" encoding="UTF-8"?>
<!--
    This configuration file was written by the eclipse-cs plugin configuration editor
-->
<!--
    Checkstyle-Configuration: utilities-checkstyle
    Description: none
-->
<!DOCTYPE module PUBLIC "-//Puppy Crawl//DTD Check Configuration 1.2//EN" "http://www.puppycrawl.com/dtds/configuration_1_2.dtd">
<module name="Checker">
    <property name="severity" value="warning"/>
    <module name="TreeWalker">
        <property name="tabWidth" value="4"/>
        <module name="FileContentsHolder"/>
        <module name="JavadocMethod">
            <property name="scope" value="package"/>
            <property name="allowUndeclaredRTE" value="true"/>
            <property name="logLoadErrors" value="true"/>
            <property name="suppressLoadErrors" value="true"/>
        </module>
        <module name="JavadocType"/>
        <module name="JavadocVariable"/>
        <module name="JavadocStyle">
            <property name="checkFirstSentence" value="false"/>
        </module>
        <module name="ConstantName"/>
        <module name="LocalFinalVariableName">
            <property name="format" value="^[A-Z0-9a-z]*$"/>
        </module>
        <module name="LocalVariableName"/>
        <module name="MemberName">
            <metadata name="com.atlassw.tools.eclipse.checkstyle.customMessage" value="Instance variables should start with m_"/>
            <property name="applyToPublic" value="false"/>
            <property name="format" value="^m_[a-z][a-zA-Z0-9]*$"/>
        </module>
        <module name="MethodName"/>
        <module name="PackageName"/>
        <module name="ParameterName"/>
        <module name="StaticVariableName"/>
        <module name="TypeName"/>
        <module name="AvoidStarImport"/>
        <module name="IllegalImport"/>
        <module name="RedundantImport"/>
        <module name="UnusedImports"/>
        <module name="FileLength"/>
        <module name="LineLength"/>
        <module name="MethodLength"/>
        <module name="ParameterNumber"/>
        <module name="EmptyForIteratorPad"/>
        <module name="MethodParamPad"/>
        <module name="NoWhitespaceAfter">
            <property name="tokens" value="BNOT,DEC,DOT,INC,LNOT,UNARY_MINUS,UNARY_PLUS"/>
        </module>
        <module name="NoWhitespaceBefore"/>
        <module name="OperatorWrap"/>
        <module name="ParenPad"/>
        <module name="TypecastParenPad"/>
        <module name="TabCharacter"/>
        <module name="WhitespaceAfter"/>
        <module name="WhitespaceAround">
            <property name="tokens" value="ASSIGN,BAND,BAND_ASSIGN,BOR,BOR_ASSIGN,BSR,BSR_ASSIGN,BXOR,BXOR_ASSIGN,COLON,DIV,DIV_ASSIGN,EQUAL,GE,GT,LAND,LCURLY,LE,LITERAL_ASSERT,LITERAL_CATCH,LITERAL_DO,LITERAL_ELSE,LITERAL_FINALLY,LITERAL_FOR,LITERAL_IF,LITERAL_RETURN,LITERAL_SYNCHRONIZED,LITERAL_TRY,LITERAL_WHILE,LOR,LT,MINUS,MINUS_ASSIGN,MOD,MOD_ASSIGN,NOT_EQUAL,PLUS,PLUS_ASSIGN,QUESTION,RCURLY,SL,SLIST,SL_ASSIGN,SR,SR_ASSIGN,STAR,STAR_ASSIGN,LITERAL_ASSERT,TYPE_EXTENSION_AND"/>
        </module>
        <module name="ModifierOrder"/>
        <module name="RedundantModifier"/>
        <module name="AvoidNestedBlocks"/>
        <module name="EmptyBlock"/>
        <module name="LeftCurly"/>
        <module name="NeedBraces"/>
        <module name="RightCurly"/>
        <module name="AvoidInlineConditionals">
            <property name="severity" value="ignore"/>
        </module>
        <module name="DoubleCheckedLocking"/>
        <module name="EmptyStatement"/>
        <module name="EqualsHashCode"/>
        <module name="HiddenField"/>
        <module name="IllegalInstantiation"/>
        <module name="InnerAssignment"/>
        <module name="MagicNumber">
            <property name="ignoreNumbers" value="-1, 0, 1, 2, 3, 4, 5, 6, 7, 8"/>
        </module>
        <module name="MissingSwitchDefault"/>
        <module name="RedundantThrows">
            <property name="allowUnchecked" value="true"/>
            <property name="logLoadErrors" value="true"/>
            <property name="suppressLoadErrors" value="true"/>
        </module>
        <module name="SimplifyBooleanExpression"/>
        <module name="SimplifyBooleanReturn"/>
        <module name="DesignForExtension">
            <property name="severity" value="ignore"/>
        </module>
        <module name="FinalClass"/>
        <module name="HideUtilityClassConstructor">
            <property name="severity" value="ignore"/>
        </module>
        <module name="InterfaceIsType"/>
        <module name="VisibilityModifier"/>
        <module name="ArrayTypeStyle"/>
        <module name="FinalParameters">
            <property name="severity" value="ignore"/>
        </module>
        <module name="GenericIllegalRegexp">
            <property name="severity" value="ignore"/>
            <property name="format" value="\s+$"/>
            <property name="message" value="Line has trailing spaces."/>
        </module>
        <module name="TodoComment">
            <property name="severity" value="ignore"/>
        </module>
        <module name="UpperEll"/>
        <module name="CyclomaticComplexity"/>
        <module name="JavaNCSS"/>
        <module name="BooleanExpressionComplexity"/>
        <module name="NPathComplexity"/>
        <module name="ClassDataAbstractionCoupling">
            <property name="max" value="10"/>
        </module>
        <module name="ClassFanOutComplexity">
            <property name="max" value="30"/>
        </module>
        <module name="CyclomaticComplexity">
            <property name="max" value="8"/>
        </module>
        <module name="RightCurly"/>
        <module name="FileLength">
            <property name="max" value="1000"/>
        </module>
        <module name="MethodLength"/>
        <module name="ParameterNumber"/>
        <module name="CovariantEquals"/>
        <module name="DefaultComesLast"/>
        <module name="DeclarationOrder"/>
        <module name="ExplicitInitialization"/>
        <module name="FallThrough"/>
        <module name="IllegalCatch"/>
        <module name="TrailingComment"/>
        <module name="IllegalThrows"/>
    </module>
    <module name="PackageHtml"/>
    <module name="NewlineAtEndOfFile">
        <property name="severity" value="ignore"/>
    </module>
    <module name="Translation"/>
    <module name="SuppressionCommentFilter"/>
</module>
