<?xml version="1.0" encoding="UTF-8"?>
<foxml:digitalObject PID="demo:SetAboveTwoEven" VERSION="1.1"
  xmlns:foxml="info:fedora/fedora-system:def/foxml#">
  <foxml:objectProperties>
    <foxml:property NAME="info:fedora/fedora-system:def/model#state" VALUE="Active"/>
    <foxml:property NAME="info:fedora/fedora-system:def/model#label" VALUE="Set of Items Above Two and Even"/>
    <foxml:property NAME="info:fedora/fedora-system:def/model#createdDate" VALUE="2008-07-21T11:49:39.234Z"/>
    <foxml:property NAME="info:fedora/fedora-system:def/view#lastModifiedDate" VALUE="2008-07-21T11:49:39.234Z"/>
  </foxml:objectProperties>
  <foxml:datastream CONTROL_GROUP="X" ID="DC" STATE="A" VERSIONABLE="true">
    <foxml:datastreamVersion CREATED="2008-07-21T11:49:39.234Z"
      FORMAT_URI="http://www.openarchives.org/OAI/2.0/oai_dc/" ID="DC1.0"
      LABEL="Dublin Core Record for this object" MIMETYPE="text/xml">
      <foxml:xmlContent>
        <oai_dc:dc xmlns:dc="http://purl.org/dc/elements/1.1/" xmlns:oai_dc="http://www.openarchives.org/OAI/2.0/oai_dc/">
          <dc:title>Set of Items Above Two and Even</dc:title>
          <dc:description>Set of items whose identifier's numeric part is greater than two and even</dc:description>
          <dc:identifier>demo:SetAboveTwoEven</dc:identifier>
        </oai_dc:dc>
      </foxml:xmlContent>
    </foxml:datastreamVersion>
  </foxml:datastream>
  <foxml:datastream CONTROL_GROUP="X" ID="RELS-EXT" STATE="A" VERSIONABLE="true">
    <foxml:datastreamVersion CREATED="2008-07-21T11:49:39.234Z"
      FORMAT_URI="info:fedora/fedora-system:FedoraRELSExt-1.0" ID="RELS-EXT.0"
      LABEL="Rels" MIMETYPE="application/rdf+xml">
      <foxml:xmlContent>
        <rdf:RDF xmlns:oai="http://www.openarchives.org/OAI/2.0/"
          xmlns:rdf="http://www.w3.org/1999/02/22-rdf-syntax-ns#"
          xmlns:rel="info:fedora/fedora-system:def/relations-external#"
          xmlns:fedora-model="info:fedora/fedora-system:def/model#">
          <rdf:Description rdf:about="info:fedora/demo:SetAboveTwoEven">
            <fedora-model:hasModel rdf:resource="info:fedora/demo:OAISet"/>
            <oai:setSpec>abovetwo:even</oai:setSpec>
            <oai:setName>Above Two and Even</oai:setName>
          </rdf:Description>
        </rdf:RDF>
      </foxml:xmlContent>
    </foxml:datastreamVersion>
  </foxml:datastream>
  <foxml:datastream CONTROL_GROUP="X" ID="SetInfo.xml" STATE="A" VERSIONABLE="true">
    <foxml:datastreamVersion CREATED="2008-07-21T11:49:39.234Z"
      ID="SetInfo.xml1.0" LABEL="Description of this set" MIMETYPE="text/xml">
      <foxml:xmlContent>
        <setDescriptions>
          <setDescription>
            <oai_dc:dc xmlns:dc="http://purl.org/dc/elements/1.1/" xmlns:oai_dc="http://www.openarchives.org/OAI/2.0/oai_dc/">
              <dc:description>This is the set of items whose identifier's numeric part is greater than two and even</dc:description>
            </oai_dc:dc>
          </setDescription>
        </setDescriptions>
      </foxml:xmlContent>
    </foxml:datastreamVersion>
  </foxml:datastream>
</foxml:digitalObject>
