<?xml version="1.0" encoding="UTF-8"?>
<foxml:digitalObject PID="demo:OAIAdvancedItem" VERSION="1.1"
  xmlns:foxml="info:fedora/fedora-system:def/foxml#">
  <foxml:objectProperties>
    <foxml:property NAME="info:fedora/fedora-system:def/model#state" VALUE="Active"/>
    <foxml:property NAME="info:fedora/fedora-system:def/model#label" VALUE="Content Model of OAI Advanced Item Objects"/>
    <foxml:property NAME="info:fedora/fedora-system:def/model#createdDate" VALUE="2008-07-21T17:31:04.062Z"/>
    <foxml:property NAME="info:fedora/fedora-system:def/view#lastModifiedDate" VALUE="2008-07-21T17:33:47.015Z"/>
  </foxml:objectProperties>
  <foxml:datastream CONTROL_GROUP="X" ID="DC" STATE="A" VERSIONABLE="true">
    <foxml:datastreamVersion CREATED="2008-07-21T17:31:04.062Z"
      FORMAT_URI="http://www.openarchives.org/OAI/2.0/oai_dc/" ID="DC1.0"
      LABEL="Dublin Core Record for this object" MIMETYPE="text/xml">
      <foxml:xmlContent>
        <oai_dc:dc xmlns:dc="http://purl.org/dc/elements/1.1/" xmlns:oai_dc="http://www.openarchives.org/OAI/2.0/oai_dc/">
          <dc:title>Content Model of OAI Advanced Item Objects</dc:title>
          <dc:identifier>demo:OAIAdvancedItem</dc:identifier>
        </oai_dc:dc>
      </foxml:xmlContent>
    </foxml:datastreamVersion>
  </foxml:datastream>
  <foxml:datastream CONTROL_GROUP="X" ID="RELS-EXT" STATE="A" VERSIONABLE="true">
    <foxml:datastreamVersion CREATED="2008-07-21T13:51:43.343Z"
      FORMAT_URI="info:fedora/fedora-system:FedoraRELSExt-1.0" ID="RELS-EXT1.0"
      LABEL="RDF Statements about this object" MIMETYPE="application/rdf+xml">
      <foxml:xmlContent>
        <rdf:RDF xmlns:fedora-model="info:fedora/fedora-system:def/model#" xmlns:rdf="http://www.w3.org/1999/02/22-rdf-syntax-ns#">
          <rdf:Description rdf:about="info:fedora/demo:OAIAdvancedItem">
            <fedora-model:hasModel rdf:resource="info:fedora/fedora-system:ContentModel-3.0"/>
            <fedora-model:hasService rdf:resource="info:fedora/demo:OAIAdvancedItem-Service"/>
          </rdf:Description>
        </rdf:RDF>
      </foxml:xmlContent>
    </foxml:datastreamVersion>
  </foxml:datastream>
  <foxml:datastream CONTROL_GROUP="X" ID="DS-COMPOSITE-MODEL" STATE="A" VERSIONABLE="true">
    <foxml:datastreamVersion CREATED="2008-07-21T13:51:43.343Z"
      FORMAT_URI="info:fedora/fedora-system:FedoraDSCompositeModel-1.0"
      ID="DS-COMPOSITE-MODEL1.0" LABEL="Datastream Composite Model" MIMETYPE="text/xml">
      <foxml:xmlContent>
        <dsCompositeModel xmlns="info:fedora/fedora-system:def/dsCompositeModel#">
          <dsTypeModel ID="RELS-EXT">
            <form FORMAT_URI="info:fedora/fedora-system:FedoraRELSExt-1.0" MIME="application/rdf+xml"/>
          </dsTypeModel>
          <dsTypeModel ID="x-and-y-and-abouts.xml">
            <form MIME="text/xml"/>
          </dsTypeModel>
          <dsTypeModel ID="extract.xsl">
            <form MIME="text/xml"/>
          </dsTypeModel>
        </dsCompositeModel>
      </foxml:xmlContent>
    </foxml:datastreamVersion>
  </foxml:datastream>
</foxml:digitalObject>
