<?xml version="1.0" encoding="UTF-8"?>
<foxml:digitalObject PID="demo:14" VERSION="1.1"
  xmlns:foxml="info:fedora/fedora-system:def/foxml#"
  xmlns:xsi="http://www.w3.org/2001/XMLSchema-instance" xsi:schemaLocation="info:fedora/fedora-system:def/foxml# http://www.fedora.info/definitions/1/0/foxml1-1.xsd">
  <foxml:objectProperties>
    <foxml:property NAME="info:fedora/fedora-system:def/model#state" VALUE="Active"/>
    <foxml:property NAME="info:fedora/fedora-system:def/model#label" VALUE="Data Object for Document Transform Demo"/>
    <foxml:property NAME="info:fedora/fedora-system:def/model#ownerId" VALUE="fedoraAdmin"/>
    <foxml:property NAME="info:fedora/fedora-system:def/model#createdDate" VALUE="2008-07-02T05:09:42.015Z"/>
    <foxml:property NAME="info:fedora/fedora-system:def/view#lastModifiedDate" VALUE="2008-07-02T05:09:42.015Z"/>
  </foxml:objectProperties>
  <foxml:datastream CONTROL_GROUP="X" ID="DC" STATE="A" VERSIONABLE="true">
    <foxml:datastreamVersion CREATED="2008-07-02T05:09:42.484Z"
      FORMAT_URI="http://www.openarchives.org/OAI/2.0/oai_dc/" ID="DC1.0"
      LABEL="Dublin Core Record for this object" MIMETYPE="text/xml">
      <foxml:xmlContent>
        <oai_dc:dc xmlns:dc="http://purl.org/dc/elements/1.1/" xmlns:oai_dc="http://www.openarchives.org/OAI/2.0/oai_dc/">
          <dc:title>Web Service Definition for the Fedora Access Service</dc:title>
          <dc:creator>Sandy Payette</dc:creator>
          <dc:subject>Fedora</dc:subject>
          <dc:subject>documentation</dc:subject>
          <dc:subject>web service</dc:subject>
          <dc:subject>Web Services Description Language (WSDL)</dc:subject>
          <dc:description>This object contains a WSDL description of the Fedora Access web service which can be viewed in two document formats.</dc:description>
          <dc:identifier>demo:14</dc:identifier>
          <dc:relation>http://www.fedora.info</dc:relation>
          <dc:rights>unrestricted</dc:rights>
        </oai_dc:dc>
      </foxml:xmlContent>
    </foxml:datastreamVersion>
  </foxml:datastream>
  <foxml:datastream CONTROL_GROUP="X" ID="RELS-EXT" STATE="A" VERSIONABLE="true">
    <foxml:datastreamVersion CREATED="2008-07-02T05:09:42.484Z"
      FORMAT_URI="info:fedora/fedora-system:FedoraRELSExt-1.0" ID="RELS-EXT.0"
      LABEL="RDF Statements about this object" MIMETYPE="application/rdf+xml">
      <foxml:xmlContent>
        <rdf:RDF xmlns:fedora-model="info:fedora/fedora-system:def/model#" xmlns:rdf="http://www.w3.org/1999/02/22-rdf-syntax-ns#">
          <rdf:Description rdf:about="info:fedora/demo:14">
            <fedora-model:hasModel rdf:resource="info:fedora/demo:XML_TO_HTMLDOC"/>
          </rdf:Description>
        </rdf:RDF>
      </foxml:xmlContent>
    </foxml:datastreamVersion>
  </foxml:datastream>
  <foxml:datastream CONTROL_GROUP="M" ID="XML_SOURCE" STATE="A" VERSIONABLE="true">
    <foxml:datastreamVersion CREATED="2008-07-02T05:09:42.484Z"
      ID="XML_SOURCE1.0"
      LABEL="XML source for Fedora Access Web Service Definition (WSDL)" MIMETYPE="text/xml">
      <foxml:contentLocation
        REF="http://localhost:8080/fedora-demo/document-transform-demo/Fedora-API-A.wsdl" TYPE="INTERNAL_ID"/>
    </foxml:datastreamVersion>
  </foxml:datastream>
  <foxml:datastream CONTROL_GROUP="M" ID="XSL_STYLESHEET1" STATE="A" VERSIONABLE="true">
    <foxml:datastreamVersion CREATED="2008-07-02T05:09:42.484Z"
      ID="XSL_STYLESHEET1.0" LABEL="XSL Stylesheet to transform WSDL to HTML" MIMETYPE="text/xml">
      <foxml:contentLocation
        REF="http://localhost:8080/fedora-demo/document-transform-demo/wsdlToAPIDoc.xsl" TYPE="INTERNAL_ID"/>
    </foxml:datastreamVersion>
  </foxml:datastream>
  <foxml:datastream CONTROL_GROUP="M" ID="XSL_STYLESHEET2" STATE="A" VERSIONABLE="true">
    <foxml:datastreamVersion CREATED="2008-07-02T05:09:42.484Z"
      ID="XSL_STYLESHEET2.0"
      LABEL="Alt. XSL Stylesheet to transform WSDL to HTML" MIMETYPE="text/xml">
      <foxml:contentLocation
        REF="http://localhost:8080/fedora-demo/document-transform-demo/wsdlToSummaryTbl.xsl" TYPE="INTERNAL_ID"/>
    </foxml:datastreamVersion>
  </foxml:datastream>
</foxml:digitalObject>
