<?xml version="1.0" encoding="UTF-8"?>
<foxml:digitalObject PID="demo:UVA_STD_IMAGE_2" VERSION="1.1"
  xmlns:foxml="info:fedora/fedora-system:def/foxml#"
  xmlns:xsi="http://www.w3.org/2001/XMLSchema-instance" xsi:schemaLocation="info:fedora/fedora-system:def/foxml# http://www.fedora.info/definitions/1/0/foxml1-1.xsd">
  <foxml:objectProperties>
    <foxml:property NAME="info:fedora/fedora-system:def/model#state" VALUE="Active"/>
    <foxml:property NAME="info:fedora/fedora-system:def/model#label" VALUE="Content Model Object (4 JPEGS) for Open Simple Image Demo"/>
    <foxml:property NAME="info:fedora/fedora-system:def/model#ownerId" VALUE="fedoraAdmin"/>
    <foxml:property NAME="info:fedora/fedora-system:def/model#createdDate" VALUE="2007-08-15T14:36:37.171Z"/>
    <foxml:property NAME="info:fedora/fedora-system:def/view#lastModifiedDate" VALUE="2007-08-15T15:59:21.878Z"/>
  </foxml:objectProperties>
  <foxml:datastream CONTROL_GROUP="X" ID="DC" STATE="A" VERSIONABLE="true">
    <foxml:datastreamVersion CREATED="2007-08-15T14:36:37.171Z"
      FORMAT_URI="http://www.openarchives.org/OAI/2.0/oai_dc/" ID="DC1.0"
      LABEL="Dublin Core Record for this object" MIMETYPE="text/xml">
      <foxml:xmlContent>
        <oai_dc:dc xmlns:dc="http://purl.org/dc/elements/1.1/" xmlns:oai_dc="http://www.openarchives.org/OAI/2.0/oai_dc/">
          <dc:title>Content Model Object (4 JPEGS) for Open Simple Image Demo</dc:title>
          <dc:identifier>demo:UVA_STD_IMAGE_2</dc:identifier>
        </oai_dc:dc>
      </foxml:xmlContent>
    </foxml:datastreamVersion>
  </foxml:datastream>
  <foxml:datastream CONTROL_GROUP="X" ID="RELS-EXT" STATE="A" VERSIONABLE="true">
    <foxml:datastreamVersion CREATED="2007-08-15T14:36:37.171Z"
      FORMAT_URI="info:fedora/fedora-system:FedoraRELSExt-1.0" ID="RELS-EXT1.0"
      LABEL="RDF Statements about this object" MIMETYPE="application/rdf+xml">
      <foxml:xmlContent>
        <rdf:RDF xmlns:fedora-model="info:fedora/fedora-system:def/model#" xmlns:rdf="http://www.w3.org/1999/02/22-rdf-syntax-ns#">
          <rdf:Description rdf:about="info:fedora/demo:UVA_STD_IMAGE_2">
            <fedora-model:hasService rdf:resource="info:fedora/demo:1"/>
            <fedora-model:hasModel rdf:resource="info:fedora/fedora-system:ContentModel-3.0"/>
          </rdf:Description>
        </rdf:RDF>
      </foxml:xmlContent>
    </foxml:datastreamVersion>
  </foxml:datastream>
  <foxml:datastream CONTROL_GROUP="X" ID="DS-COMPOSITE-MODEL" STATE="A" VERSIONABLE="true">
    <foxml:datastreamVersion CREATED="2007-08-15T14:36:30.369Z"
      FORMAT_URI="info:fedora/fedora-system:FedoraDSCompositeModel-1.0"
      ID="DS-COMPOSITE-MODEL1.0" LABEL="Datastream Composite Model" MIMETYPE="text/xml">
      <foxml:xmlContent>
        <dsCompositeModel xmlns="info:fedora/fedora-system:def/dsCompositeModel#">
          <dsTypeModel ID="LOWRES_IMG">
            <form MIME="image/jpeg"/>
          </dsTypeModel>
          <dsTypeModel ID="MEDRES_IMG">
            <form MIME="image/jpeg"/>
          </dsTypeModel>
          <dsTypeModel ID="HIGHRES_IMG">
            <form MIME="image/jpeg"/>
          </dsTypeModel>
          <dsTypeModel ID="VERYHIGHRES_IMG">
            <form MIME="image/jpeg"/>
          </dsTypeModel>
        </dsCompositeModel>
      </foxml:xmlContent>
    </foxml:datastreamVersion>
  </foxml:datastream>
</foxml:digitalObject>
