<?xml version="1.0" encoding="UTF-8"?>
<foxml:digitalObject PID="demo:7" VERSION="1.1"
  xmlns:foxml="info:fedora/fedora-system:def/foxml#"
  xmlns:xsi="http://www.w3.org/2001/XMLSchema-instance" xsi:schemaLocation="info:fedora/fedora-system:def/foxml# http://www.fedora.info/definitions/1/0/foxml1-1.xsd">
  <foxml:objectProperties>
    <foxml:property NAME="info:fedora/fedora-system:def/model#state" VALUE="Active"/>
    <foxml:property NAME="info:fedora/fedora-system:def/model#label" VALUE="Data Object (Pavilion, 4 JPEGS) for Open Simple Image Demo"/>
    <foxml:property NAME="info:fedora/fedora-system:def/model#ownerId" VALUE="fedoraAdmin"/>
    <foxml:property NAME="info:fedora/fedora-system:def/model#createdDate" VALUE="2008-07-02T05:09:42.015Z"/>
    <foxml:property NAME="info:fedora/fedora-system:def/view#lastModifiedDate" VALUE="2008-07-02T05:09:42.015Z"/>
  </foxml:objectProperties>
  <foxml:datastream CONTROL_GROUP="X" ID="DC" STATE="A" VERSIONABLE="true">
    <foxml:datastreamVersion CREATED="2008-07-02T05:09:43.531Z"
      FORMAT_URI="http://www.openarchives.org/OAI/2.0/oai_dc/" ID="DC1.0"
      LABEL="Dublin Core Record for this object" MIMETYPE="text/xml">
      <foxml:xmlContent>
        <oai_dc:dc xmlns:dc="http://purl.org/dc/elements/1.1/" xmlns:oai_dc="http://www.openarchives.org/OAI/2.0/oai_dc/">
          <dc:title>Architectural Image of Pavilion III, University of Virginia</dc:title>
          <dc:creator>Thomas Jefferson</dc:creator>
          <dc:subject>Pavilion III</dc:subject>
          <dc:subject>lawn</dc:subject>
          <dc:subject>University of Virginia</dc:subject>
          <dc:subject>Jefferson</dc:subject>
          <dc:subject>Jeffersonian architecture</dc:subject>
          <dc:description>Image of architectural drawing of Pavillion III on the lawn at University of Virginia</dc:description>
          <dc:publisher>IVA</dc:publisher>
          <dc:format>image/jpeg</dc:format>
          <dc:identifier>demo:7</dc:identifier>
          <dc:rights>unrestricted</dc:rights>
        </oai_dc:dc>
      </foxml:xmlContent>
    </foxml:datastreamVersion>
  </foxml:datastream>
  <foxml:datastream CONTROL_GROUP="X" ID="RELS-EXT" STATE="A" VERSIONABLE="true">
    <foxml:datastreamVersion CREATED="2008-07-02T05:09:43.531Z"
      FORMAT_URI="info:fedora/fedora-system:FedoraRELSExt-1.0" ID="RELS-EXT1.0"
      LABEL="RDF Statements about this object" MIMETYPE="application/rdf+xml">
      <foxml:xmlContent>
        <rdf:RDF xmlns:fedora-model="info:fedora/fedora-system:def/model#" xmlns:rdf="http://www.w3.org/1999/02/22-rdf-syntax-ns#">
          <rdf:Description rdf:about="info:fedora/demo:7">
            <fedora-model:hasModel rdf:resource="info:fedora/demo:UVA_STD_IMAGE_2"/>
          </rdf:Description>
        </rdf:RDF>
      </foxml:xmlContent>
    </foxml:datastreamVersion>
  </foxml:datastream>
  <foxml:datastream CONTROL_GROUP="E" ID="LOWRES_IMG" STATE="A" VERSIONABLE="true">
    <foxml:datastreamVersion CREATED="2008-07-02T05:09:43.531Z"
      ID="LOWRES_IMG1.0" LABEL="Architectural Drawing Pavilion III (low res)" MIMETYPE="image/jpeg">
      <foxml:contentLocation
        REF="http://icarus.lib.virginia.edu/images/iva/archerd05small.jpg" TYPE="URL"/>
    </foxml:datastreamVersion>
  </foxml:datastream>
  <foxml:datastream CONTROL_GROUP="E" ID="MEDRES_IMG" STATE="A" VERSIONABLE="true">
    <foxml:datastreamVersion CREATED="2008-07-02T05:09:43.531Z"
      ID="MEDRES_IMG1.0" LABEL="Architectural Drawing Pavilion III (med res)" MIMETYPE="image/jpeg">
      <foxml:contentLocation
        REF="http://icarus.lib.virginia.edu/images/iva/archerd05medium1.jpg" TYPE="URL"/>
    </foxml:datastreamVersion>
  </foxml:datastream>
  <foxml:datastream CONTROL_GROUP="E" ID="HIGHRES_IMG" STATE="A" VERSIONABLE="true">
    <foxml:datastreamVersion CREATED="2008-07-02T05:09:43.531Z"
      ID="HIGHRES_IMG1.0" LABEL="Architectural Drawing Pavilion III (high res)" MIMETYPE="image/jpeg">
      <foxml:contentLocation
        REF="http://icarus.lib.virginia.edu/images/iva/archerd05medium2.jpg" TYPE="URL"/>
    </foxml:datastreamVersion>
  </foxml:datastream>
  <foxml:datastream CONTROL_GROUP="E" ID="VERYHIGHRES_IMG" STATE="A" VERSIONABLE="true">
    <foxml:datastreamVersion CREATED="2008-07-02T05:09:43.531Z"
      ID="VERYHIGHRES_IMG1.0"
      LABEL="Architectural Drawing Pavilion III (veryhigh res)" MIMETYPE="image/jpeg">
      <foxml:contentLocation
        REF="http://icarus.lib.virginia.edu/images/iva/archerd05high.jpg" TYPE="URL"/>
    </foxml:datastreamVersion>
  </foxml:datastream>
</foxml:digitalObject>
