<?xml version="1.0" encoding="UTF-8"?>
<resultPage indexName="DemoOnLucene">
 <indexInfo>
  <IndexShortName>DemoOnSolr</IndexShortName>
  <IndexLongName>Demonstration index on Solr</IndexLongName>
  <EngineUrl>http://lucene.apache.org/</EngineUrl>
  <EngineShortName>Solr</EngineShortName>
  <EngineLongName>Apache Lucene project</EngineLongName>
  <EngineDescription>The Apache Solr project develops open-source search software.</EngineDescription>
  <EngineTags>solr lucene apache open-source search software</EngineTags>
  <EngineImage>http://solr.apache.org/solr_green_300.gif</EngineImage>
  <QueryLanguage>See e.g. http://lucene.apache.org/java/docs/queryparsersyntax.html</QueryLanguage>
  <SampleSearch>dc.title:fedora AND dc.creator:"thornton staples"</SampleSearch>
  <IndexFieldNameList>PID, repositoryName,<BR/> 
                      property.label, property.contentModel, property.createdDate,<BR/>
                      property.lastModifiedDate, property.state, property.type,<BR/>
                      dc.creator, dc.date, dc.description, dc.format, dc.identifier,<BR/>
                      dc.publisher, dc.relations, dc.right, dc.source,<BR/>
                      dc.subject, dc.title,<BR/>
                      DS2.text,<BR/>
                      others depending on the indexing stylesheet.
  </IndexFieldNameList>
  <EngineDeveloper>Apache Lucene Solr project</EngineDeveloper>
  <EngineContact>info@lucene.apache.org/solr</EngineContact>
  <EngineAttribution>The Apache Lucene Solr project &#169; 2005, The Apache Lucene Solr project,
   All Rights Reserved</EngineAttribution>
 </indexInfo>
</resultPage>