<?xml version="1.0" encoding="UTF-8"?>
<resultPage indexName="SmileyAdminIndex">
 <indexInfo>
  <IndexShortName>SmileyAdminIndex</IndexShortName>
  <IndexLongName>SmileyAdmin index on Lucene</IndexLongName>
  <EngineUrl>http://lucene.apache.org/</EngineUrl>
  <EngineShortName>Lucene</EngineShortName>
  <EngineLongName>Apache Lucene project</EngineLongName>
  <EngineDescription>The Apache Lucene project develops open-source search software.</EngineDescription>
  <EngineTags>lucene apache open-source search software</EngineTags>
  <EngineImage>http://lucene.apache.org/lucene_green_300.gif</EngineImage>
  <QueryLanguage>See e.g. http://lucene.apache.org/java/docs/queryparsersyntax.html</QueryLanguage>
  <SampleSearch>dc.title:fedora AND dc.creator:"thornton staples"</SampleSearch>
  <IndexFieldNameList>PID, repositoryName,<BR/> 
                      fgs.label, fgs.contentModel, fgs.createdDate,<BR/>
                      fgs.lastModifiedDate, fgs.state, fgs.type,<BR/>
                      dc.creator, dc.date, dc.description, dc.format, dc.identifier,<BR/>
                      dc.publisher, dc.relations, dc.right, dc.source,<BR/>
                      dc.subject, dc.title,<BR/>
                      DS2.text,<BR/>
                      others depending on the indexing stylesheet.
  </IndexFieldNameList>
  <EngineDeveloper>Apache Lucene project</EngineDeveloper>
  <EngineContact>info@lucene.apache.org</EngineContact>
  <EngineAttribution>The Apache Lucene project &#169; 2005, The Apache Lucene project,
   All Rights Reserved</EngineAttribution>
 </indexInfo>
</resultPage>