<?xml version="1.0" encoding="UTF-8"?>
<foxml:digitalObject PID="demo:SmileyStuff" VERSION="1.1"
  xmlns:foxml="info:fedora/fedora-system:def/foxml#"
  xmlns:xsi="http://www.w3.org/2001/XMLSchema-instance" xsi:schemaLocation="info:fedora/fedora-system:def/foxml# http://www.fedora.info/definitions/1/0/foxml1-1.xsd">
  <foxml:objectProperties>
    <foxml:property NAME="info:fedora/fedora-system:def/model#state" VALUE="Active"/>
    <foxml:property NAME="info:fedora/fedora-system:def/model#label" VALUE="Data Object (Collection) for Image Collection Demo"/>
    <foxml:property NAME="info:fedora/fedora-system:def/model#ownerId" VALUE="fedoraAdmin"/>
    <foxml:property NAME="info:fedora/fedora-system:def/model#createdDate" VALUE="2008-07-02T05:09:42.015Z"/>
    <foxml:property NAME="info:fedora/fedora-system:def/view#lastModifiedDate" VALUE="2008-07-02T05:09:42.015Z"/>
  </foxml:objectProperties>
  <foxml:datastream CONTROL_GROUP="X" ID="DC" STATE="A" VERSIONABLE="true">
    <foxml:datastreamVersion CREATED="2008-07-02T05:09:43.062Z"
      FORMAT_URI="http://www.openarchives.org/OAI/2.0/oai_dc/" ID="DC1.0"
      LABEL="Dublin Core Record for this object" MIMETYPE="text/xml">
      <foxml:xmlContent>
        <oai_dc:dc xmlns:dc="http://purl.org/dc/elements/1.1/" xmlns:oai_dc="http://www.openarchives.org/OAI/2.0/oai_dc/">
          <dc:title>Collection of Smiley Stuff</dc:title>
          <dc:description>This is Deb's collection of smiley stuff.</dc:description>
          <dc:identifier>demo:SmileyStuff</dc:identifier>
        </oai_dc:dc>
      </foxml:xmlContent>
    </foxml:datastreamVersion>
  </foxml:datastream>
  <foxml:datastream CONTROL_GROUP="X" ID="RELS-EXT" STATE="A" VERSIONABLE="true">
    <foxml:datastreamVersion CREATED="2008-07-02T05:09:43.062Z"
      FORMAT_URI="info:fedora/fedora-system:FedoraRELSExt-1.0" ID="RELS-EXT.0"
      LABEL="RDF Statements about this object" MIMETYPE="application/rdf+xml">
      <foxml:xmlContent>
        <rdf:RDF xmlns:fedora-model="info:fedora/fedora-system:def/model#" xmlns:rdf="http://www.w3.org/1999/02/22-rdf-syntax-ns#">
          <rdf:Description rdf:about="info:fedora/demo:SmileyStuff">
            <fedora-model:hasModel rdf:resource="info:fedora/demo:DualResImageCollection"/>
          </rdf:Description>
        </rdf:RDF>
      </foxml:xmlContent>
    </foxml:datastreamVersion>
  </foxml:datastream>
  <foxml:datastream CONTROL_GROUP="E" ID="QUERY" STATE="A" VERSIONABLE="true">
    <foxml:datastreamVersion CREATED="2008-07-02T05:09:43.062Z" ID="QUERY.0"
      LABEL="RDF Query to list members" MIMETYPE="text/plain">
      <foxml:contentLocation
        REF="http://localhost:8080/fedora-demo/image-collection-demo/SmileyStuff-MemberQuery.txt" TYPE="URL"/>
    </foxml:datastreamVersion>
  </foxml:datastream>
  <foxml:datastream CONTROL_GROUP="E" ID="XSLT" STATE="A" VERSIONABLE="true">
    <foxml:datastreamVersion CREATED="2008-07-02T05:09:43.062Z" ID="XSLT.0"
      LABEL="Stylesheet to view list dissemination as html" MIMETYPE="text/xml">
      <foxml:contentLocation
        REF="http://localhost:8080/fedora-demo/image-collection-demo/SmileyStuff-ViewStylesheet.xsl" TYPE="URL"/>
    </foxml:datastreamVersion>
  </foxml:datastream>
  <foxml:datastream CONTROL_GROUP="E" ID="LIST" STATE="A" VERSIONABLE="true">
    <foxml:datastreamVersion CREATED="2008-07-02T05:09:43.062Z" ID="LIST.0"
      LABEL="Result of list dissemination" MIMETYPE="text/xml">
      <foxml:contentLocation
        REF="http://local.fedora.server/fedora/get/demo:SmileyStuff/demo:Collection/list" TYPE="URL"/>
    </foxml:datastreamVersion>
  </foxml:datastream>
</foxml:digitalObject>
