<?xml version="1.0" encoding="UTF-8"?>
<foxml:digitalObject PID="demo:10" VERSION="1.1"
  xmlns:foxml="info:fedora/fedora-system:def/foxml#"
  xmlns:xsi="http://www.w3.org/2001/XMLSchema-instance" xsi:schemaLocation="info:fedora/fedora-system:def/foxml# http://www.fedora.info/definitions/1/0/foxml1-1.xsd">
  <foxml:objectProperties>
    <foxml:property NAME="info:fedora/fedora-system:def/model#state" VALUE="Active"/>
    <foxml:property NAME="info:fedora/fedora-system:def/model#label" VALUE="Data Object (Pavilion Column) for User Input Image Demo"/>
    <foxml:property NAME="info:fedora/fedora-system:def/model#ownerId" VALUE="fedoraAdmin"/>
    <foxml:property NAME="info:fedora/fedora-system:def/model#createdDate" VALUE="2008-07-02T05:09:42.015Z"/>
    <foxml:property NAME="info:fedora/fedora-system:def/view#lastModifiedDate" VALUE="2008-07-02T05:09:42.015Z"/>
  </foxml:objectProperties>
  <foxml:datastream CONTROL_GROUP="X" ID="DC" STATE="A" VERSIONABLE="true">
    <foxml:datastreamVersion CREATED="2008-07-02T05:09:43.609Z"
      FORMAT_URI="http://www.openarchives.org/OAI/2.0/oai_dc/" ID="DC1.0"
      LABEL="Dublin Core Record for this object" MIMETYPE="text/xml">
      <foxml:xmlContent>
        <oai_dc:dc xmlns:dc="http://purl.org/dc/elements/1.1/" xmlns:oai_dc="http://www.openarchives.org/OAI/2.0/oai_dc/">
          <dc:title>Column Detail, Pavilion III, University of Virginia</dc:title>
          <dc:creator>Thomas Jefferson</dc:creator>
          <dc:subject>Pavilion III</dc:subject>
          <dc:subject>lawn</dc:subject>
          <dc:subject>University of Virginia</dc:subject>
          <dc:subject>Jefferson</dc:subject>
          <dc:subject>Jeffersonian architecture</dc:subject>
          <dc:description>Image of column detail of Pavillion III on the lawn at University of Virginia</dc:description>
          <dc:publisher>IVA</dc:publisher>
          <dc:format>image/jpeg</dc:format>
          <dc:identifier>demo:10</dc:identifier>
          <dc:rights>unrestricted</dc:rights>
        </oai_dc:dc>
      </foxml:xmlContent>
    </foxml:datastreamVersion>
  </foxml:datastream>
  <foxml:datastream CONTROL_GROUP="X" ID="RELS-EXT" STATE="A" VERSIONABLE="true">
    <foxml:datastreamVersion CREATED="2008-07-02T05:09:43.609Z"
      FORMAT_URI="info:fedora/fedora-system:FedoraRELSExt-1.0" ID="RELS-EXT1.0"
      LABEL="RDF Statements about this object" MIMETYPE="application/rdf+xml">
      <foxml:xmlContent>
        <rdf:RDF xmlns:fedora-model="info:fedora/fedora-system:def/model#" xmlns:rdf="http://www.w3.org/1999/02/22-rdf-syntax-ns#">
          <rdf:Description rdf:about="info:fedora/demo:10">
            <fedora-model:hasModel rdf:resource="info:fedora/demo:UVA_MRSID_IMAGE_1"/>
          </rdf:Description>
        </rdf:RDF>
      </foxml:xmlContent>
    </foxml:datastreamVersion>
  </foxml:datastream>
  <foxml:datastream CONTROL_GROUP="E" ID="MRSID" STATE="A" VERSIONABLE="true">
    <foxml:datastreamVersion CREATED="2008-07-02T05:09:43.609Z" ID="MRSID1.0"
      LABEL="Column Detail, Pavilion III, University of Virginia" MIMETYPE="image/x-mrsid-image">
      <foxml:contentLocation
        REF="http://iris.lib.virginia.edu/mrsid/mrsid_images/iva/archerp06.sid" TYPE="URL"/>
    </foxml:datastreamVersion>
  </foxml:datastream>
  <foxml:datastream CONTROL_GROUP="X" ID="DESC1" STATE="A" VERSIONABLE="true">
    <foxml:datastreamVersion CREATED="2008-07-02T05:09:43.609Z" ID="DESC1.0"
      LABEL="UVA descriptive metadata for MRSID image" MIMETYPE="text/xml">
      <foxml:xmlContent>
        <uvalibdesc:desc xmlns:uvalibdesc="http://dl.lib.virginia.edu/bin/dtd/descmeta/descmeta.dtd">
          <uvalibdesc:identifier scheme="URN">demo:10</uvalibdesc:identifier>
          <uvalibdesc:rights type="use">unrestricted</uvalibdesc:rights>
          <uvalibdesc:subject othertype="keyword" scheme="other">Pavilion III</uvalibdesc:subject>
          <uvalibdesc:subject othertype="keyword" scheme="other">column</uvalibdesc:subject>
          <uvalibdesc:subject othertype="keyword" scheme="other">lawn</uvalibdesc:subject>
          <uvalibdesc:subject othertype="keyword" scheme="other">University of Virginia</uvalibdesc:subject>
          <uvalibdesc:subject othertype="keyword" scheme="other">Jefferson</uvalibdesc:subject>
          <uvalibdesc:subject othertype="keyword" scheme="other">Jeffersonian architecture</uvalibdesc:subject>
          <uvalibdesc:title type="main">Column Detail, Pavilion III, University of Virginia</uvalibdesc:title>
          <uvalibdesc:form>architecture</uvalibdesc:form>
          <uvalibdesc:mediatype type="image">
            <uvalibdesc:form>digital</uvalibdesc:form>
          </uvalibdesc:mediatype>
          <uvalibdesc:agent role="publisher" type="corpname">IVA</uvalibdesc:agent>
          <uvalibdesc:agent role="architect" type="persname">Thomas Jefferson</uvalibdesc:agent>
          <uvalibdesc:culture>Early American</uvalibdesc:culture>
          <uvalibdesc:place type="original">
            <uvalibdesc:geogname>Charlottesville, Virginia USA</uvalibdesc:geogname>
          </uvalibdesc:place>
        </uvalibdesc:desc>
      </foxml:xmlContent>
    </foxml:datastreamVersion>
  </foxml:datastream>
  <foxml:datastream CONTROL_GROUP="X" ID="DIGIPROV1" STATE="A" VERSIONABLE="true">
    <foxml:datastreamVersion CREATED="2008-07-02T05:09:43.609Z" ID="DIGIPROV1.0"
      LABEL="UVA digiprov metadata for MRSID image" MIMETYPE="text/xml">
      <foxml:xmlContent>
        <uvalibadmin:admin xmlns:uvalibadmin="http://dl.lib.virginia.edu/bin/admin/admin.dtd/">
          <uvalibadmin:digiprov>
            <uvalibadmin:date>2001-09-01:06:32:00</uvalibadmin:date>
            <uvalibadmin:agent type="corpname">IVA</uvalibadmin:agent>
            <uvalibadmin:description>creation</uvalibadmin:description>
          </uvalibadmin:digiprov>
        </uvalibadmin:admin>
      </foxml:xmlContent>
    </foxml:datastreamVersion>
  </foxml:datastream>
  <foxml:datastream CONTROL_GROUP="X" ID="RIGHTS1" STATE="A" VERSIONABLE="true">
    <foxml:datastreamVersion CREATED="2008-07-02T05:09:43.609Z" ID="RIGHTS1.0"
      LABEL="UVA access rights/policy metadata for MRSID  image" MIMETYPE="text/xml">
      <foxml:xmlContent>
        <uvalibadmin:admin xmlns:uvalibadmin="http://dl.lib.virginia.edu/bin/admin/admin.dtd/">
          <uvalibadmin:adminrights>
            <uvalibadmin:policy>
              <uvalibadmin:access>unrestricted</uvalibadmin:access>
              <uvalibadmin:use>educational</uvalibadmin:use>
            </uvalibadmin:policy>
          </uvalibadmin:adminrights>
        </uvalibadmin:admin>
      </foxml:xmlContent>
    </foxml:datastreamVersion>
  </foxml:datastream>
  <foxml:datastream CONTROL_GROUP="X" ID="SOURCE1" STATE="A" VERSIONABLE="true">
    <foxml:datastreamVersion CREATED="2008-07-02T05:09:43.609Z" ID="SOURCE1.0"
      LABEL="UVA source metadata for MRSID image" MIMETYPE="text/xml">
      <foxml:xmlContent>
        <uvalibadmin:admin xmlns:uvalibadmin="http://dl.lib.virginia.edu/bin/admin/admin.dtd/">
          <uvalibadmin:source>
            <uvalibadmin:identifier>IVA-4</uvalibadmin:identifier>
            <uvalibadmin:mediatype type="image">
              <uvalibadmin:form>slide</uvalibadmin:form>
            </uvalibadmin:mediatype>
          </uvalibadmin:source>
        </uvalibadmin:admin>
      </foxml:xmlContent>
    </foxml:datastreamVersion>
  </foxml:datastream>
  <foxml:datastream CONTROL_GROUP="X" ID="TECH1" STATE="A" VERSIONABLE="true">
    <foxml:datastreamVersion CREATED="2008-07-02T05:09:43.609Z" ID="TECH1.0"
      LABEL="UVA technical metadata for MRSID image" MIMETYPE="text/xml">
      <foxml:xmlContent>
        <uvalibadmin:admin xmlns:uvalibadmin="http://dl.lib.virginia.edu/bin/admin/admin.dtd/">
          <uvalibadmin:technical>
            <uvalibadmin:format>image/x-mrsid-image</uvalibadmin:format>
            <uvalibadmin:compression>wavelet</uvalibadmin:compression>
            <uvalibadmin:bitDepth BITS=""/>
            <uvalibadmin:colorSpace/>
            <uvalibadmin:colorProfile CPFILE="" CPLOCAT=""/>
            <uvalibadmin:resolution/>
          </uvalibadmin:technical>
        </uvalibadmin:admin>
      </foxml:xmlContent>
    </foxml:datastreamVersion>
  </foxml:datastream>
</foxml:digitalObject>
