<?xml version="1.0" encoding="UTF-8"?>
<foxml:digitalObject PID="demo:9" VERSION="1.1"
  xmlns:foxml="info:fedora/fedora-system:def/foxml#"
  xmlns:xsi="http://www.w3.org/2001/XMLSchema-instance" xsi:schemaLocation="info:fedora/fedora-system:def/foxml# http://www.fedora.info/definitions/1/0/foxml1-1.xsd">
  <foxml:objectProperties>
    <foxml:property NAME="info:fedora/fedora-system:def/model#state" VALUE="Active"/>
    <foxml:property NAME="info:fedora/fedora-system:def/model#label" VALUE="Service Deployment Object for User Input Image Demo"/>
    <foxml:property NAME="info:fedora/fedora-system:def/model#ownerId" VALUE="fedoraAdmin"/>
    <foxml:property NAME="info:fedora/fedora-system:def/model#createdDate" VALUE="2008-07-02T05:09:42.015Z"/>
    <foxml:property NAME="info:fedora/fedora-system:def/view#lastModifiedDate" VALUE="2008-07-02T05:09:42.015Z"/>
  </foxml:objectProperties>
  <foxml:datastream CONTROL_GROUP="X" ID="DC" STATE="A" VERSIONABLE="true">
    <foxml:datastreamVersion CREATED="2008-07-02T05:09:43.671Z"
      FORMAT_URI="http://www.openarchives.org/OAI/2.0/oai_dc/" ID="DC1.0"
      LABEL="Dublin Core Record for this object" MIMETYPE="text/xml">
      <foxml:xmlContent>
        <oai_dc:dc xmlns:dc="http://purl.org/dc/elements/1.1/" xmlns:oai_dc="http://www.openarchives.org/OAI/2.0/oai_dc/">
          <dc:title>Service Deployment Object Object for User Input Image Demo</dc:title>
          <dc:identifier>demo:9</dc:identifier>
        </oai_dc:dc>
      </foxml:xmlContent>
    </foxml:datastreamVersion>
  </foxml:datastream>
  <foxml:datastream CONTROL_GROUP="X" ID="RELS-EXT" STATE="A" VERSIONABLE="true">
    <foxml:datastreamVersion CREATED="2008-07-02T05:09:43.671Z"
      FORMAT_URI="info:fedora/fedora-system:FedoraRELSExt-1.0" ID="RELS-EXT1.0"
      LABEL="RDF Statements about this object" MIMETYPE="application/rdf+xml">
      <foxml:xmlContent>
        <rdf:RDF xmlns:fedora-model="info:fedora/fedora-system:def/model#" xmlns:rdf="http://www.w3.org/1999/02/22-rdf-syntax-ns#">
          <rdf:Description rdf:about="info:fedora/demo:9">
            <fedora-model:hasModel rdf:resource="info:fedora/fedora-system:ServiceDeployment-3.0"/>
            <fedora-model:isDeploymentOf rdf:resource="info:fedora/demo:8"/>
            <fedora-model:isContractorOf rdf:resource="info:fedora/demo:UVA_MRSID_IMAGE_1"/>
          </rdf:Description>
        </rdf:RDF>
      </foxml:xmlContent>
    </foxml:datastreamVersion>
  </foxml:datastream>
  <foxml:datastream CONTROL_GROUP="X" ID="METHODMAP" STATE="A" VERSIONABLE="true">
    <foxml:datastreamVersion CREATED="2008-07-02T05:09:43.671Z"
      FORMAT_URI="info:fedora/fedora-system:FedoraSDepMethodMap-1.1"
      ID="METHODMAP1.0" LABEL="Deployment Method Map" MIMETYPE="text/xml">
      <foxml:xmlContent>
        <fmm:MethodMap
          name="MethodMap - MrSID BMech for UserInput Image BDEF" xmlns:fmm="http://fedora.comm.nsdlib.org/service/methodmap">
          <fmm:Method operationName="getThumbnail" wsdlMsgName="getThumbRequest" wsdlMsgOutput="mrsid_response">
            <fmm:DatastreamInputParm parmName="MRSID" passBy="URL_REF"/>
            <fmm:MethodReturnType wsdlMsgName="mrsid_response" wsdlMsgTOMIME="image/gif"/>
          </fmm:Method>
          <fmm:Method operationName="getImage" wsdlMsgName="getImageRequest" wsdlMsgOutput="mrsid_response">
            <fmm:UserInputParm defaultValue="yes" parmName="ZOOM" passBy="VALUE" required="true">
              <fmm:ValidParmValues>
                <fmm:ValidParm value="yes"/>
                <fmm:ValidParm value="no"/>
              </fmm:ValidParmValues>
            </fmm:UserInputParm>
            <fmm:UserInputParm defaultValue="medium1" parmName="SIZE"
              passBy="VALUE" required="true">
              <fmm:ValidParmValues>
                <fmm:ValidParm value="small"/>
                <fmm:ValidParm value="medium1"/>
                <fmm:ValidParm value="medium2"/>
              </fmm:ValidParmValues>
            </fmm:UserInputParm>
            <fmm:DatastreamInputParm parmName="MRSID" passBy="URL_REF"/>
            <fmm:MethodReturnType wsdlMsgName="mrsid_response" wsdlMsgTOMIME="application/java image/gif"/>
          </fmm:Method>
        </fmm:MethodMap>
      </foxml:xmlContent>
    </foxml:datastreamVersion>
  </foxml:datastream>
  <foxml:datastream CONTROL_GROUP="X" ID="DSINPUTSPEC" STATE="A" VERSIONABLE="true">
    <foxml:datastreamVersion CREATED="2008-07-02T05:09:43.671Z"
      FORMAT_URI="info:fedora/fedora-system:FedoraDSInputSpec-1.1"
      ID="DSINPUTSPEC1.0" LABEL="Datastream Input Specification" MIMETYPE="text/xml">
      <foxml:xmlContent>
        <fbs:DSInputSpec
          label="MrSID Service Datastream Input Specification" xmlns:fbs="http://fedora.comm.nsdlib.org/service/bindspec">
          <fbs:DSInput DSMax="1" DSMin="1" DSOrdinality="false" wsdlMsgPartName="MRSID">
            <fbs:DSInputLabel>MrSid file</fbs:DSInputLabel>
            <fbs:DSMIME>image/x-mrsid-image</fbs:DSMIME>
            <fbs:DSInputInstruction>MrSid wavelet encoded image file</fbs:DSInputInstruction>
          </fbs:DSInput>
        </fbs:DSInputSpec>
      </foxml:xmlContent>
    </foxml:datastreamVersion>
  </foxml:datastream>
  <foxml:datastream CONTROL_GROUP="X" ID="WSDL" STATE="A" VERSIONABLE="true">
    <foxml:datastreamVersion CREATED="2008-07-02T05:09:43.671Z"
      FORMAT_URI="http://schemas.xmlsoap.org/wsdl/" ID="WSDL1.0"
      LABEL="WSDL Bindings" MIMETYPE="text/xml">
      <foxml:xmlContent>
        <wsdl:definitions name="MrSID Service" targetNamespace="mrsid"
          xmlns:http="http://schemas.xmlsoap.org/wsdl/http/"
          xmlns:mime="http://schemas.xmlsoap.org/wsdl/mime/"
          xmlns:soap="http://schemas.xmlsoap.org/wsdl/soap"
          xmlns:soapenc="http://schemas.xmlsoap.org/wsdl/soap/encoding"
          xmlns:this="mrsid" xmlns:wsdl="http://schemas.xmlsoap.org/wsdl/" xmlns:xsd="http://www.w3.org/2001/XMLSchema">
          <wsdl:types>
            <xsd:schema targetNamespace="mrsid">
              <xsd:simpleType name="MRSIDType">
                <xsd:restriction base="xsd:string"/>
              </xsd:simpleType>
              <xsd:simpleType name="ZOOMType">
                <xsd:restriction base="xsd:string">
                  <xsd:enumeration value="yes"/>
                  <xsd:enumeration value="no"/>
                </xsd:restriction>
              </xsd:simpleType>
              <xsd:simpleType name="SIZEType">
                <xsd:restriction base="xsd:string">
                  <xsd:enumeration value="small"/>
                  <xsd:enumeration value="medium1"/>
                  <xsd:enumeration value="medium2"/>
                </xsd:restriction>
              </xsd:simpleType>
            </xsd:schema>
          </wsdl:types>
          <wsdl:message name="getThumbRequest">
            <wsdl:part name="MRSID" type="this:MRSIDType"/>
          </wsdl:message>
          <wsdl:message name="getImageRequest">
            <wsdl:part name="MRSID" type="this:MRSIDType"/>
            <wsdl:part name="SIZE" type="this:SIZEType"/>
            <wsdl:part name="ZOOM" type="this:ZOOMType"/>
          </wsdl:message>
          <wsdl:message name="mrsid_response">
            <wsdl:part name="image" type="xsd:base64Binary"/>
          </wsdl:message>
          <wsdl:portType name="MrSIDPortType">
            <wsdl:operation name="getThumbnail">
              <wsdl:input message="this:getThumbRequest"/>
              <wsdl:output message="this:mrsid_response"/>
            </wsdl:operation>
            <wsdl:operation name="getImage">
              <wsdl:input message="this:getImageRequest"/>
              <wsdl:output message="this:mrsid_response"/>
            </wsdl:operation>
          </wsdl:portType>
          <wsdl:service name="MrSID">
            <wsdl:port binding="this:MrSID_http" name="MrSID_port">
              <http:address location="http://iris.lib.virginia.edu/mrsid/bin/"/>
            </wsdl:port>
          </wsdl:service>
          <wsdl:binding name="MrSID_http" type="this:MrSIDPortType">
            <http:binding verb="GET"/>
            <wsdl:operation name="getThumbnail">
              <http:operation location="get_mrsid_url.pl?image=(MRSID)&amp;size=thumbnail"/>
              <wsdl:input>
                <http:urlReplacement/>
              </wsdl:input>
              <wsdl:output>
                <mime:content type="image/gif"/>
              </wsdl:output>
            </wsdl:operation>
            <wsdl:operation name="getImage">
              <http:operation location="get_mrsid_url.pl?image=(MRSID)&amp;size=(SIZE)&amp;zoom=(ZOOM)"/>
              <wsdl:input>
                <http:urlReplacement/>
              </wsdl:input>
              <wsdl:output>
                <mime:content type="text/html"/>
                <mime:content type="image/jpeg"/>
              </wsdl:output>
            </wsdl:operation>
          </wsdl:binding>
        </wsdl:definitions>
      </foxml:xmlContent>
    </foxml:datastreamVersion>
  </foxml:datastream>
</foxml:digitalObject>
